<?xml version="1.0" encoding="utf-8"?>
<module>
  <id>plesk-multi-server-node</id>
  <name>Plesk Multi Server Node</name>
  <description>Plesk Multi Server extension for service nodes. This extension is automatically installed on a service node when connected to the management node, it facilitates its integration into Multi Server.</description>
  <category>server_tool</category>
  <version>1.1.3</version>
  <release>109</release>
  <vendor>Plesk</vendor>
  <url>http://plesk.com</url>
  <plesk_min_version>17.0.17</plesk_min_version>
  <os>unix</os>
  <buy_url>https://go.plesk.com/buy-plesk-ext/plesk-multi-server</buy_url>
</module>
