<?xml version="1.0" encoding="utf-8"?>
<module>
  <id>plesk-multi-server</id>
  <name>Plesk Multi Server</name>
  <description>Plesk Multi Server is a lightweight extension for Plesk that provides centralized management of customer accounts and subscriptions distributed across several Plesk servers. Plesk Multi Server is a paid extension, each node requires two licenses be installed. It requires one Plesk Product License Key ("Web Pro" or "Web Host") and one Plesk Multi Server Extension License Key ($10 or €9 per month) be purchased and installed per node.</description>
  <category>server_tool</category>
  <version>1.1.3</version>
  <release>{{RELEASE}}</release>
  <vendor>Plesk</vendor>
  <url>http://plesk.com</url>
  <plesk_min_version>17.0.17</plesk_min_version>
  <os>unix</os>
  <buy_url>https://go.plesk.com/buy-plesk-ext/plesk-multi-server</buy_url>
  <!-- Localized descriptions below -->
  <description xml:lang="ar">الخادم المُتعدد لمنصة Plesk هو ملحق خفيف لمنصة Plesk يقوم بتوفير الإدارة المركزية لحسابات العملاء والاشتراكات الموزعة على عدة خوادم لمنصة Plesk. الخادم المُتعدد لمنصة Plesk هو ملحق مدفوع، وتحتاج كل عقدة إلى تثبيت ترخيصين. ويلزم شراء مفتاح ترخيص منتج واحد لمنصة Plesk ("Web Pro" أو "Web Host") ومفتاح ترخيص ملحق واحد للخادم المتعدد لمنصة Plesk (10 دولار أو 9 يورو في الشهر) وتثبيته لكل عقدة.</description>
  <description xml:lang="ca-ES">Plesk Multi Server és una extensió lleugera per Plesk que permet gestionar de forma centralitzada comptes de client i subscripcions distribuïdes entre diferents servidors Plesk. Plesk Multi Server és una extensió de pagament, on en cada node cal instal·lar dues llicències. Cal comprar una llicència de Plesk ("Web Pro" o "Web Host") i una llicència de l'extensió Plesk Multi Server (amb un cost mensual de 10 $ o 9 €) i procedir amb la seva instal·lació.</description>
  <description xml:lang="cs-CZ">Plesk Multi Server je prosté rozšíření prostředí Plesk, které poskytuje centralizovanou správu zákaznických účtů a předplacených služeb distribuovaných mezi servery Plesk. Plesk Multi Server je placené rozšíření, každý uzel vyžaduje instalaci dvou licencí. Každý uzel vyžaduje nákup a instalaci jednoho licenčního klíče produktu Plesk ("Web Pro" nebo"Web Host") a jednoho licenčního klíče rozšíření Plesk Multi Server ($10 nebo €9 za měsíc).</description>
  <description xml:lang="da-DK">Plesk Multi Server er en letvægtsudvidelse til Plesk, der leverer centraliseret administration af kundekonti og abonnementer, der er fordelt over flere Plesk-servere. Plesk Multi Server er en betalt udvidelse. Hver node kræver installation af to licenser. Der kræves at en Plesk Produktlicens nøgle ("Web Pro" eller "Web Host") og en Plesk Multi Server Extension licensnøgle ($10 eller €9 pr. måned) købes og installeres pr. node.</description>
  <description xml:lang="de-DE">Plesk Multi Server ist eine einfache Erweiterung für Plesk, mit der Sie Kundenkonten und Abonnements aller Ihrer Plesk Server zentral verwalten können. Plesk Multi Server ist eine kostenlose Erweiterung. Für jeden Node müssen zwei Lizenzen installiert werden. Pro Node ist ein Plesk Produktlizenzschlüssel ("Web Pro" oder "Web Host") und ein Lizenzschlüssel für die Plesk Multi Server Erweiterung ($10 oder €9 pro Monat) erforderlich.</description>
  <description xml:lang="el-GR">Το Plesk Multi Server είναι μια ελαφριά επέκταση για το Plesk, η οποία παρέχει τη δυνατότητα κεντρικής διαχείρισης των λογαριασμών πελατών και των συνδρομών που κατανέμονται σε διάφορους διακομιστές Plesk. Το Plesk Multi Server είναι επί πληρωμή και κάθε κόμβος χρειάζεται δύο εγκατεστημένες άδειες. Πρέπει να αγοράσετε ένα κλειδί άδειας χρήσης προϊόντος Plesk ("Web Pro" ή "Web Host") και ένα κλειδί άδειας χρήσης της επέκτασης Plesk Multi Server ($10 ή €9 μηνιαίως) και να τα εγκαταστήσετε σε κάθε κόμβο.</description>
  <description xml:lang="es-ES">Plesk Multi Server es una extensión ligera para Plesk que permite gestionar de forma centralizada cuentas de cliente y suscripciones distribuidas entre distintos servidores Plesk. Plesk Multi Server es una extensión de pago donde en cada uno de los nodos deben instalarse dos licencias. Esta requiere la compra y la posterior instalación de una llave de licencia de Plesk ("Web Pro" o "Web Host") y de una llave de licencia de la extensión Plesk Multi Server (con un coste mensual de 10 $ o 9 €) en cada uno de los nodos.</description>
  <description xml:lang="fi-FI">Plesk Multi Server on Pleskin kevyt laajennus, joka mahdollistaa useiden eri Plesk-palvelimien asiakastilien ja tilauksien keskitetyn hallinnan. Plesk Multi Server on maksullinen laajennus, kukin solmu edellyttää kahden käyttöoikeuden asentamista. Se vaatii, että yksi Plesk-tuotteen käyttöoikeusavain ("Web Pro" tai "Web Host") sekä yksi Plesk Multi Server -laajennuksen käyttöoikeusavain (10 $ tai 9 € kuukausihintaan) hankitaan ja asennetaan.</description>
  <description xml:lang="fr-FR">Plesk Multi Server est une extension légère de Plesk permettant de gérer de manière centralisée les comptes client et les abonnements répartis sur plusieurs serveurs Plesk. Plesk Multi Server est une extension payante. Chaque node requiert deux licences : une clé de licence produit Plesk ("Web Pro" ou "Web Host") et une clé de licence pour l’extension Plesk Multi Server (10 $ ou 9 €/mois).</description>
  <description xml:lang="he-IL">Plesk Multi Server הוא הרחבה קלת משקל עבור Plesk שמספק ניהול מרכזי של חשבונות לקוחות ומינויים שמפוזרים על פני מספר שרתי Plesk. Plesk Multi Server הוא הרחבה בתשלום, ועבור כל צומת יש להתקין שני רישיונות. הוא מחייב רכישה והתקנה של מפתח רישיון אחד למוצר Plesk‏ ("Web Pro" או "Web Host") ומפתח רישיון אחד עבור הרחבת Plesk Multi Server‏ ($10 או €9 לחודש) לכל צומת.</description>
  <description xml:lang="hu-HU">A Plesk Multi Server segédprogram a Plesk egyszerűen kezelhető bővítménye, mely több Plesk kiszolgálón elosztva található ügyfélszámlák és előfizetések központosított kezelését biztosítja. Fizetett bővítmény a Plesk Multi Server segédprogram, csomópontonként két licenc telepítése szükséges. Csomópontonként egy Plesk termék licenckulcs („Web Pro” vagy „Web Host”) és egy Plesk Multi Server bővítmény licenckulcs (havi 10 USD vagy 9 EUR) megvásárlása és telepítése szükséges.</description>
  <description xml:lang="id-ID">Plesk Multi Server merupakan ekstensi ringan untuk Plesk yang menyediakan pengelolaan terpusat untuk akun pelanggan dan langganan yang tersebar di beberapa server Plesk. Plesk Multi Server merupakan ekstensi berbayar, setiap simpul memerlukan terpasangnya dua lisensi. Ekstensi ini memerlukan Kunci Lisensi Produk Plesk ("Web Pro" atau "Web Host") dan satu Kunci Lisensi Ekstensi Plesk Multi Server ($10 atau €9 per bulan) dibeli dan dipasang untuk tiap simpul.</description>
  <description xml:lang="it-IT">Plesk Multi Server è un’estensione semplificata di Plesk che consente di gestire in modo centralizzato gli account e gli abbonamenti dei clienti distribuiti fra vari server Plesk. Plesk Multi Server è un’estensione a pagamento; ogni nodo richiede l’installazione di due licenze. Per ogni nodo, richiede di acquistare e installare una chiave di licenza del prodotto per Plesk ("Web Pro" o "Web Host") e una chiave di licenza dell’estensione Plesk Multi Server ($10 o €9 al mese).</description>
  <description xml:lang="ja-JP">Plesk Multi Server とは、Plesk 用の軽量な拡張機能であり、複数の Plesk サーバに分散した顧客アカウントと契約を集中管理できます。Plesk Multi Server は有償の拡張であり、各ノードにはライセンスが 2 つインストールされている必要があります。ノードごとに Plesk 製品ライセンスキーを 1 つ（"Web Pro" または "Web Host"）と Plesk Multi Server 拡張ライセンスキー（月額 $10 または €9）を 1 つ購入し、インストールする必要があります。</description>
  <description xml:lang="ko-KR">Plesk Multi Server는 여러 Plesk 서버에 분산된 고객 계정 및 구독의 중앙 집중식 관리를 제공하는 경량 확장 프로그램입니다. Plesk Multi Server는 유료 확장 프로그램이며 각 노드에 2개의 라이센스를 설치해야 합니다. 노드당 Plesk 제품 라이센스 키("Web Pro" 또는 "Web Host") 1개와 Plesk Multi Server 확장 프로그램 라이센스 키(월 $10 또는 €9) 1개를 구매하고 설치해야 합니다.</description>
  <description xml:lang="ms-MY">Multi Pelayan Plesk adalah sambungan ringan untuk Plesk yang menyediakan pengurusan terpusat untuk akaun pelanggan dan langganan yang diedarkan merentasi beberapa pelayan Plesk. Multi Pelayan Plesk adalah sambungan berbayar, setiap nod memerlukan pemasangan dua lesen. Ia memerlukan satu Kunci Lesen Produk Plesk ("Web Pro" atau "Web Host") dan satu Kunci Lesen Sambungan Multi Pelayan Plesk ($10 atau €9 sebulan) dibeli dan dipasang bagi setiap nod.</description>
  <description xml:lang="nb-NO">Plesk Multi Server er en lettere utvidelse til Plesk som gir sentralisert administrasjon av kundekontoer og abonnementer distribuert over flere Plesk-servere. Plesk Multi Server er en betalutvidelse. Hver node krever at to lisenser er installert. Den krever at én Plesk produktlisensnøkkel ("Web Pro" eller "Web Host") og én Plesk Multi Server lisensnøkkel for utvidelse ($10 eller €9 pr måned) kjøpes og installeres per node.</description>
  <description xml:lang="nl-NL">Plesk Multi Server is een lichtgewicht extensie voor Plesk waarmee accounts en abonnementen van cliënten centraal kunnen worden beheerd en gedistribueerd over meerdere Plesk-servers. Plesk Multi Server is een betaalde extensie en voor elke node moeten twee licenties worden geïnstalleerd. In de eerste plaats is er een productielicentie voor Plesk nodig ("Web Pro" of "Web Host") en een licentiesleutel voor de Plesk Multi Server-extensie ($ 10 of € 9 per maand) die per node moet worden aangeschaft en geïnstalleerd.</description>
  <description xml:lang="pl-PL">Plesk Multi Server jest lekkim rozszerzeniem Pleska, który zapewnia centralne zarządzanie kontami klienta oraz subskrypcjami na róznych serwerach Plesk. Plesk Multi Server jest płatnym rozszerzeniem, kazdy węzeł wymaga zainstalowania dwóch licencji. Wymaga zakupienia i zainstalowania jednego klucza licencji produktu Plesk ("Web Pro" lub "Web Host") oraz klucz licencji rozszerzenia Plesk Multi Server ($10 lub €9 miesięcznie) na każdym węźle.</description>
  <description xml:lang="pt-BR">O Plesk Multi Server é uma extensão leve para Plesk, ela fornece administração centralizada de contas de clientes e assinaturas distribuídas ao longo dos diversos servidores Plesk. O Plesk Multi Server é uma extensão paga, cada nó demanda duas licenças para ser instalado. É necessário que uma Chave de Licença de Produto Plesk ("Web Pro" ou "Web Host") e uma Chave de Licença de Extensão Plesk Multi Server ($10 ou в‚¬9 por mês) seja comprada e instalada por nó.</description>
  <description xml:lang="pt-PT">O Plesk Multi Server é uma extensão leve para o Plesk que fornece gestão centralizada de contas e assinaturas de clientes distribuídas em vários servidores Plesk. O Plesk Multi Server é uma extensão paga, cada nó exige a instalação de duas licenças. Requer uma chave de licença do produto Plesk ("Web Pro" ou "Web Host") e uma chave de licença Plesk Multi Server Extension (10 dólares ou 9 euros mensais) a ser adquirida e instalada por nó.</description>
  <description xml:lang="ro-RO">Plesk Multi Server este o extensie Plesk care face posibilă administrarea centralizată a conturilor de client și a abonamentelor distribuite pe mai multe servere Plesk. Plesk Multi Server este o extensie contra cost, pe fiecare nod trebuie instalate două licențe. Pentru fiecare nod trebuie cumpărate și instalate o cheie de licență de produs Plesk („Web Pro” sau „Gazdă web”) și o cheie de licență de extensie Plesk Multi Server (10 dolari sau 9 euro pe lună).</description>
  <description xml:lang="ru-RU">Plesk Multi Server - это облегченное расширение для Plesk, позволяющее управлять учетными записями клиентов и подписками с нескольких серверов Plesk из единого центра. Plesk Multi Server - платное расширение, и для него на каждом сервере должно быть установлено по две лицензии. Необходимо приобрести и установить на каждом сервере одну лицензию продукта Plesk ("Web Pro" или "Web Host") и одну лицензию расширения Plesk Multi Server ($10 или €9 в месяц).</description>
  <description xml:lang="sv-SE">Plesk Multi Server är en lätt ändelse för Plesk som ger en centraliserad styrning av kundkonton och prenumerationer distribuerade över flera Plesk-servrar. Plesk Multi Server är en betald ändelse och varje nod kräver att två licenser installeras. Kräver en Plesk produktlicensnyckel (”Web Pro” eller ”Web Host”) och en Plesk Multi Server ändelselicensnyckel (10 USD eller 9 EUR i månaden) som köps och installeras för varje nod.</description>
  <description xml:lang="th-TH">มัลติเซิร์ฟเวอร์ Plesk คือ ส่วนขยายแบบสิ้นเปลืองทรัพยากรน้อยสำหรับ Plesk ที่ช่วยให้มีการจัดการแบบรวมศูนย์ของบัญชีลูกค้าและการบอกรับที่กระจายตัวอยู่ในหลายเซิร์ฟเวอร์ Plesk มัลติเซิร์ฟเวอร์ Plesk เป็นส่วนขยายแบบต้องชำระเงิน แต่ละโหนดต้องได้รับการติดตั้งสองใบอนุญาต ต้องมีการซื้อและติดตั้งคีย์ใบอนุญาตผลิตภัณฑ์ Plesk ("Web Pro" หรือ "Web Host") กับหนึ่งในคีย์ใบอนุญาตส่วนขยายมัลติเซิร์ฟเวอร์ Plesk ($10 หรือ €9 ต่อเดือน) ต่อหนึ่งโหนด</description>
  <description xml:lang="tl-PH">Ang Plesk Multi Server ay isang lightweight na extension para sa Plesk na nagbibigay ng naka-centralize na pamamahala ng mga account ng customer at mga subscription na ipinamamahagi sa ilang Plesk server. Ang Plesk Multi Server ay isang binabayarang extension, kailangan ay may dalawang license na naka-install sa bawat node. Kinakailangan nito na bumili at mag-install ng Plesk Product License Key ("Web Pro" o "Web Host") at isang Plesk Multi Server Extension License Key ($10 o €9 bawat buwan) sa bawat node.</description>
  <description xml:lang="tr-TR">Plesk Çoklu Sunucusu, birden fazla Plesk sunucusuna dağılmış olan müşteri hesaplarının ve aboneliklerin merkezi bir yönetimini sağlayan hafif bir Plesk uzantısıdır. Plesk Çoklu Sunucusu paralı bir uzantı olup, her düğüm için iki lisans yüklenmesi gerekir. Düğüm başına bir Plesk Ürünü Lisans Anahtarı ("Web Pro" veya "Web Host") ve bir Plesk Çoklu Sunucu Uzantısı Lisans Anahtarı (aylık 10 veya 9 ABD doları) satın alınması ve yüklenmesi gerekir.</description>
  <description xml:lang="uk-UA">Plesk Multi Server є розширенням для Plesk, що надає централізоване управління обліковими записами замовників та підписками, що розподіляються між кількома серверами Plesk. Plesk Multi Server є оплачуваним розширенням. На кожному вузлі повинно бути встановлено дві ліцензії. Для цього потрібно купити та встановити на кожен вузол один Plesk Product License Key ("Web Pro" або"Web Host") та один Plesk Multi Server Extension License Key ($10 або €9 на місяць).</description>
  <description xml:lang="vi-VN">Plesk Multi Server là một phần mở rộng gọn nhẹ dành cho Plesk cung cấp sự quản lý tập trung các tài khoản khách hàng và thuê bao được phân bố trên các máy chủ Plesk. Plesk Multi Server là phần mở rộng tính phí, mỗi nút yêu cầu cài đặt hai giấy phép. Yêu cầu mua và cài đặt trên mỗi nút một mã bản quyền sản phẩm Plesk ("Web Pro" hoặc "Web Host") và một mã bản quyền phần mở rộng Plesk Multi Server (10 $ hoặc 9 € một tháng).</description>
  <description xml:lang="zh-CN">Plesk Multi Server 是 Plesk 的轻型扩展，能够实现集中管理分布于多台 Plesk 服务器上的客户帐户和订阅。Plesk Multi Server 是付费扩展，每个节点需要安装两个许可证。每个节点需要购买并安装一个 Plesk 产品许可证密钥（"Web Pro" 或 "Web Host"）和一个 Plesk Multi Server 扩展许可证密钥（每月 $10 或 €9）。</description>
  <description xml:lang="zh-TW">Plesk Multi Server 是 Plesk 的輕型擴展，能夠實現集中管理分佈於多台 Plesk 伺服器上的客戶帳戶和訂閱。Plesk Multi Server 是付費擴展，每個節點需要安裝兩個許可證。每個節點需要購買並安裝一個 Plesk 產品許可證金鑰（"Web Pro" 或 "Web Host"）和一個 Plesk Multi Server 擴展許可證金鑰（每月 $10 或 €9）。</description>
</module>
